,Rank,HappinessScore,Life Ladder,Log GDP per capita,Social support,Healthy life expectancy at birth,Freedom to make life choices,Generosity,Perceptions of corruption,Positive affect,Negative affect,Confidence in national government
count,140.0,142.0,140.0,133.0,139.0,140.0,139.0,132.0,128.0,139.0,139.0,127.0
mean,70.5,5.368701810049296,5.491702054228572,9.34561516481203,0.8067114302446043,63.44098148342857,0.7778739927769784,-0.011613525522727272,0.7358699747421874,0.6994120451366908,0.2911644703309352,0.49370114798425196
std,40.55859958134649,1.15915120071138,1.122178436020664,1.1849354933546579,0.12111698197090942,7.595596622342876,0.12796884468310835,0.16106365120575236,0.17979906596596418,0.1072464046377495,0.09198486419536823,0.19823479886999323
min,1.0,1.109749884,2.66171813,6.625340939,0.319589138,44.38652802,0.427010864,-0.296734989,0.161790684,0.420961887,0.114123158,0.11093653
25%,35.75,4.5375,4.6366944315,8.545788765,0.7367479505,58.0051298125,0.7116353215,-0.14140508325,0.68187952075,0.614202857,0.21902804799999998,0.333884016
50%,70.5,5.302,5.586506605,9.547693253,0.828952611,65.20911026,0.811670661,-0.035202777000000005,0.782116115,0.710230231,0.280323356,0.473544389
75%,105.25,6.15225,6.278276086,10.31394196,0.9058266585,69.0629444125,0.878372878,0.09845724125,0.85717050725,0.78823632,0.34512458749999997,0.617710918
max,140.0,7.537,7.788251877,11.46523094,0.966752827,76.53636169,0.985177755,0.62870574,0.954392552,0.895254552,0.599335492,0.964690447
